1,abstract_0001.jpg
2,abstract_0002.jpg
3,abstract_0003.jpg
4,abstract_0010.jpg
5,abstract_0056.jpg
6,abstract_0061.jpg
7,abstract_0075.jpg
8,abstract_0106.jpg
9,abstract_0119.jpg
10,abstract_0120.jpg
11,abstract_0134.jpg
12,abstract_0168.jpg
13,abstract_0197.jpg
14,abstract_0202.jpg
15,abstract_0207.jpg
16,abstract_0239.jpg
17,abstract_0256.jpg
18,abstract_0278.jpg
19,abstract_0004.jpg
20,abstract_0005.jpg
21,abstract_0006.jpg
22,abstract_0007.jpg
23,abstract_0008.jpg
24,abstract_0009.jpg
25,abstract_0011.jpg
26,abstract_0012.jpg
27,abstract_0013.jpg
28,abstract_0014.jpg
29,abstract_0015.jpg
30,abstract_0016.jpg
31,abstract_0018.jpg
32,abstract_0019.jpg
33,abstract_0020.jpg
34,abstract_0021.jpg
35,abstract_0022.jpg
36,abstract_0023.jpg
37,abstract_0025.jpg
38,abstract_0026.jpg
39,abstract_0027.jpg
40,abstract_0028.jpg
41,abstract_0029.jpg
42,abstract_0030.jpg
43,abstract_0031.jpg
44,abstract_0032.jpg
45,abstract_0033.jpg
46,abstract_0034.jpg
47,abstract_0035.jpg
48,abstract_0036.jpg
49,abstract_0037.jpg
50,abstract_0038.jpg
51,abstract_0039.jpg
52,abstract_0040.jpg
53,abstract_0041.jpg
54,abstract_0042.jpg
55,abstract_0043.jpg
56,abstract_0044.jpg
57,abstract_0045.jpg
58,abstract_0046.jpg
59,abstract_0047.jpg
60,abstract_0048.jpg
61,abstract_0049.jpg
62,abstract_0050.jpg
63,abstract_0051.jpg
64,abstract_0052.jpg
65,abstract_0053.jpg
66,abstract_0054.jpg
67,abstract_0055.jpg
68,abstract_0057.jpg
69,abstract_0058.jpg
70,abstract_0059.jpg
71,abstract_0060.jpg
72,abstract_0062.jpg
73,abstract_0063.jpg
74,abstract_0064.jpg
75,abstract_0065.jpg
76,abstract_0066.jpg
77,abstract_0067.jpg
78,abstract_0068.jpg
79,abstract_0069.jpg
80,abstract_0070.jpg
81,abstract_0072.jpg
82,abstract_0073.jpg
83,abstract_0074.jpg
84,abstract_0076.jpg
85,abstract_0077.jpg
86,abstract_0078.jpg
87,abstract_0079.jpg
88,abstract_0080.jpg
89,abstract_0081.jpg
90,abstract_0082.jpg
91,abstract_0083.jpg
92,abstract_0084.jpg
93,abstract_0085.jpg
94,abstract_0086.jpg
95,abstract_0087.jpg
96,abstract_0088.jpg
97,abstract_0089.jpg
98,abstract_0090.jpg
99,abstract_0091.jpg
100,abstract_0092.jpg
101,abstract_0093.jpg
102,abstract_0094.jpg
103,abstract_0095.jpg
104,abstract_0096.jpg
105,abstract_0097.jpg
106,abstract_0098.jpg
107,abstract_0099.jpg
108,abstract_0100.jpg
109,abstract_0101.jpg
110,abstract_0102.jpg
111,abstract_0103.jpg
112,abstract_0104.jpg
113,abstract_0105.jpg
114,abstract_0107.jpg
115,abstract_0108.jpg
116,abstract_0109.jpg
117,abstract_0110.jpg
118,abstract_0111.jpg
